-- Демо-данные лаборатории (запускать ПОСЛЕ supabase/schema.sql)
-- SQL Editor → New query → Run

truncate table
  public.activity_feed,
  public.mutation_history,
  public.observations,
  public.reagents,
  public.project_files,
  public.projects,
  public.journal_posts,
  public.profiles
restart identity cascade;

-- ——— Участники ———
insert into public.profiles (id, username, display_name, avatar_url, bio, location, rank_title, mutation_score) values
  ('a0000001-0000-4000-8000-000000000001', 'mara.grid', 'OT_DEEP_THOUGHT', '/assets/profile-avatar.jpg',
   'Собираю недоделанное в формы, которые можно трогать. Работаю с сырым материалом и мутациями на грани стабильности.',
   'Москва · сектор 3', 'Мутант-исследователь', 1920),
  ('a0000002-0000-4000-8000-000000000002', 'ivan.kerner', 'ivan.kerner', null,
   null, null, 'Архивариус веток', 1540),
  ('a0000003-0000-4000-8000-000000000003', 'polina.raw', 'polina.raw', null,
   null, null, 'Лаборант текста', 980),
  ('a0000004-0000-4000-8000-000000000004', 'seryozha.null', 'seryozha.null', null,
   null, null, 'Инженер сбоев', 720),
  ('a0000005-0000-4000-8000-000000000005', 'lab.collective', 'lab.collective', null,
   null, null, 'Коллектив', 2100);

-- ——— Проекты (slug = id в URL) ———
insert into public.projects (
  id, slug, sample_number, owner_id, title, subtitle, description, category, status, stamp, phase,
  mutation_level, theme, missing_items, tags, themes, quote, cover_url, views, likes, comments_count,
  is_collective, needs_help, is_experiment_of_day, published_at
) values
  ('b0000001-0000-4000-8000-000000000001', 'bessonnitsa-protokol', '011', 'a0000001-0000-4000-8000-000000000001',
   'Протокол бессонницы', 'звук / поле',
   'Ночные записи города без сюжета: лифты, вентиляция, чужие разговоры за стеной. Цель — собрать ритм, который не укладывается в трек.',
   'Звук / Аудио', 'raw', 'СЫРОЙ', 'Фаза 01: Сырой образец', 28, 'white',
   array['структура альбома','мастер','текстовая рамка'], array['поле','ночь','архив'], null, null,
   '/assets/card-bessonnitsa.jpg', 164, 11, 4, false, true, false, '14.05.2026'),

  ('b0000002-0000-4000-8000-000000000002', 'mgnoveniya-v-skanere', '024', 'a0000002-0000-4000-8000-000000000002',
   'Мгновения в сканере', 'визуал / плёнка',
   'Серия сканов предметов, которые участники носят в карманах годами. Изображение рвётся на полосы — так и должно быть.',
   'Визуал / Графика', 'mutating', 'МУТИРУЕТ', 'Фаза 03: Мутация', 61, 'lime',
   array['единая сетка','цветокор','типографика'], array['скан','память','артефакт'], null, null,
   '/assets/card-mgnoveniya.jpg', 402, 36, 9, true, false, false, '18.05.2026'),

  ('b0000003-0000-4000-8000-000000000003', 'substrat-pamyati', '033', 'a0000003-0000-4000-8000-000000000003',
   'Субстрат памяти', 'текст / эссе',
   'Текст о том, как цифровые заметки заменяют воспоминание — и что остаётся, когда удалить черновики нельзя.',
   'Текст / Литература', 'unstable', 'НЕСТАБИЛЕН', 'Фаза 02: Первая реакция', 44, 'white',
   array['финал','голос','конфликт'], array['память','текст','личное'], null, null,
   '/assets/card-substrat.jpg', 221, 19, 6, false, true, false, '20.05.2026'),

  ('b0000004-0000-4000-8000-000000000004', 'gorod-bez-otrazheniy', '058', 'a0000002-0000-4000-8000-000000000002',
   'Город без отражений', 'текст / антиутопия',
   'Общество, где зеркала запрещены как инструмент контроля. История утра и сопротивления через бытовые детали.',
   'Текст / Литература', 'unstable', 'НЕСТАБИЛЬНО', 'Фаза 02: Первая реакция', 71, 'hero',
   array['карта районов','визуальный код','сцена финала'], array['антиутопия','контроль','город'],
   array['КОНТРОЛЬ','ОТРАЖЕНИЕ','ПАМЯТЬ'], 'Когда тебя не видят — тебя проще переписать.',
   '/assets/card-gorod.jpg', 890, 62, 18, true, true, true, '22.05.2026'),

  ('b0000005-0000-4000-8000-000000000005', 'interfeys-nulevoy', '041', 'a0000004-0000-4000-8000-000000000004',
   'Интерфейс нулевой видимости', 'код / UX',
   'Прототип приложения для людей, которых системы учёта «не видят». Навигация через отрицательные состояния.',
   'Код / Алгоритмы', 'mutating', 'МУТИРУЕТ', 'Фаза 03: Мутация', 55, 'dark',
   array['онбординг','тесты','документация'], array['ux','код','невидимость'], null, null,
   '/assets/card-interfeys.jpg', 318, 27, 8, true, false, false, '24.05.2026'),

  ('b0000006-0000-4000-8000-000000000006', 'kollektivnyy-shum', '062', 'a0000005-0000-4000-8000-000000000005',
   'Коллективный шум', 'перформанс / поле',
   'Открытая сессия: участники одновременно вкладывают звук и текст в общий поток без автора-режиссёра.',
   'Перформанс / Арт', 'reaction', 'В РЕАКЦИИ', 'Фаза 02: Первая реакция', 58, 'pink',
   array['монтаж','правила','архив сессии'], array['коллектив','шум','перформанс'], null, null,
   '/assets/card-kollektiv.jpg', 512, 41, 15, true, true, false, '26.05.2026'),

  ('b0000007-0000-4000-8000-000000000007', 'neyroset-dnevnik', '089', 'a0000003-0000-4000-8000-000000000003',
   'Дневник, который пишет сеть', 'на стыке / текст',
   'Личные записи, переписанные моделью до потери авторского голоса. Проект ищет границу между помощью и стиранием.',
   'На стыке', 'almost', 'ПОЧТИ СТАБИЛЕН', 'Фаза 04: Стабилизация', 86, 'lime',
   array['обложка','юридическая рамка'], array['нейросеть','дневник','этика'], null, null,
   '/assets/card-neyro.jpg', 445, 39, 10, false, false, false, '28.05.2026'),

  ('b0000008-0000-4000-8000-000000000008', 'kult-sboya', '077', 'a0000001-0000-4000-8000-000000000001',
   'Культ случайного сбоя', 'теория / визуал',
   'Манифест о том, почему ошибка интерфейса становится ритуалом. Визуальный ряд из захваченных глитчей.',
   'Текст / Теория', 'almost', 'ПОЧТИ СТАБИЛЕН', 'Фаза 04: Стабилизация', 88, 'dark',
   array['редактура','источники','печать'], array['глитч','ритуал','теория'], null, null,
   '/assets/card-sboy.jpg', 601, 47, 12, false, false, false, '30.05.2026');

-- ——— Файлы проектов ———
insert into public.project_files (project_id, name, file_url, file_type, file_size) values
  ('b0000001-0000-4000-8000-000000000001', 'night-field-takes.zip', '/assets/card-bessonnitsa.jpg', 'zip', '240 MB'),
  ('b0000002-0000-4000-8000-000000000002', 'scans-raw.tar', '/assets/card-mgnoveniya.jpg', 'archive', '1.1 GB'),
  ('b0000003-0000-4000-8000-000000000003', 'substrat-v03.md', '/assets/card-substrat.jpg', 'text', '48 KB'),
  ('b0000004-0000-4000-8000-000000000004', 'gorod-draft.pdf', '/assets/card-gorod.jpg', 'pdf', '2.1 MB'),
  ('b0000004-0000-4000-8000-000000000004', 'zones-map.png', '/assets/reagent-map.jpg', 'image', '4.8 MB'),
  ('b0000005-0000-4000-8000-000000000005', 'null-ui-proto.zip', '/assets/card-interfeys.jpg', 'zip', '18 MB'),
  ('b0000006-0000-4000-8000-000000000006', 'session-log.md', '/assets/card-kollektiv.jpg', 'text', '22 KB'),
  ('b0000007-0000-4000-8000-000000000007', 'diary-compare.pdf', '/assets/card-neyro.jpg', 'pdf', '1.4 MB'),
  ('b0000008-0000-4000-8000-000000000008', 'glitch-archive.zip', '/assets/card-sboy.jpg', 'zip', '320 MB');

-- ——— Реактивы ———
insert into public.reagents (project_id, author_id, author_name, title, body, reagent_type, result_url) values
  ('b0000004-0000-4000-8000-000000000004', 'a0000001-0000-4000-8000-000000000001', 'mara.grid',
   'Карта запретных зон', 'Районы, где отражения под запретом сильнее всего — отмечены как «мёртвые витрины».',
   'Визуализация', '/assets/reagent-map.jpg'),
  ('b0000004-0000-4000-8000-000000000004', 'a0000003-0000-4000-8000-000000000003', 'polina.raw',
   'Утро без зеркала', 'Сцена: герой привыкает к лицу по памяти, а не по стеклу.', 'Текст', '/assets/card-gorod.jpg'),
  ('b0000002-0000-4000-8000-000000000002', 'a0000002-0000-4000-8000-000000000002', 'ivan.kerner',
   'Сетка 4×4', 'Предложена единая сетка для всех сканов — пока как черновик.', 'Визуал', '/assets/card-mgnoveniya.jpg'),
  ('b0000005-0000-4000-8000-000000000005', 'a0000004-0000-4000-8000-000000000004', 'seryozha.null',
   'Модуль «нулевой клик»', 'Кнопки, которые исчезают после первого нажатия — метафора одноразового доступа.',
   'Код', '/assets/reagent-scan.jpg');

-- ——— Наблюдения ———
insert into public.observations (project_id, author_id, author_name, body) values
  ('b0000004-0000-4000-8000-000000000004', 'a0000004-0000-4000-8000-000000000004', 'seryozha.null',
   'Мир стал убедительнее, когда вы убрали объяснение — оставьте загадку дольше.'),
  ('b0000004-0000-4000-8000-000000000004', 'a0000005-0000-4000-8000-000000000005', 'lab.collective',
   'Витрины с розовым шумом вместо отражения — сильный визуальный код.'),
  ('b0000005-0000-4000-8000-000000000005', 'a0000001-0000-4000-8000-000000000001', 'mara.grid',
   'Добавьте режим «только тактильная обратная связь» — вибрация вместо цвета.');

-- ——— История мутаций (флагман) ———
insert into public.mutation_history (project_id, event_text, event_date) values
  ('b0000004-0000-4000-8000-000000000004', 'Образец открыт в каталоге', '22.05'),
  ('b0000004-0000-4000-8000-000000000004', 'Реактив: Карта запретных зон', '24.05'),
  ('b0000004-0000-4000-8000-000000000004', 'Мутация 71% — фаза 02', '28.05');

-- ——— Журнал (body пустой → полный текст подставляется из кода при чтении) ———
insert into public.journal_posts (slug, title, category, excerpt, body, read_time, stamp, cover_url, author_name, published_at) values
  ('syroe-ne-slomannoe', 'Сырое не сломанное', 'История',
   'Почему мы храним недоделанное как норму, а не как оправдание — и что это меняет в работе с чужими идеями.',
   '[]'::jsonb, 14, 'СЫРОЙ', '/assets/journal-flower.jpg', 'mara.grid', '01.06.2026'),
  ('protokol-pervoy-mutatsii', 'Протокол первой мутации', 'Метод',
   'Фазы, реактивы и правила вмешательства — краткий свод для новых участников лаборатории.',
   '[]'::jsonb, 11, 'МЕТОД', '/assets/mutation-panel.jpg', 'ivan.kerner', '28.05.2026'),
  ('laboratoriya-kak-arkhiv', 'Лаборатория как архив', 'Интервью',
   'Разговор о том, что каталог образцов — это память касаний, а не склад готовых работ.',
   '[]'::jsonb, 16, 'АРХИВ', '/assets/journal-hero.jpg', 'polina.raw', '24.05.2026'),
  ('oshibka-kak-material', 'Ошибка как материал', 'Архив наблюдений',
   'Глитч, провал и сбой — не враги процесса, а способ доказать, что система живая.',
   '[]'::jsonb, 13, 'МУТИРУЕТ', '/assets/article-eye.jpg', 'seryozha.null', '20.05.2026');

-- ——— Лента активности ———
insert into public.activity_feed (text, href) values
  ('ivan.kerner обновил «Мгновения в сканере» — 20 мин назад', '/projects/mgnoveniya-v-skanere'),
  ('polina.raw оставила реакцию на «Субстрат памяти» — 1 ч назад', '/projects/substrat-pamyati'),
  ('lab.collective поднял мутацию «Коллективного шума» — 2 ч назад', '/projects/kollektivnyy-shum'),
  ('«Протокол бессонницы» получил 4 реакции', '/projects/bessonnitsa-protokol'),
  ('к «Городу без отражений» добавлен реактив', '/projects/gorod-bez-otrazheniy'),
  ('новая статья в журнале: «Сырое не сломанное»', '/journal/syroe-ne-slomannoe');
